,Cities,Cloudiness,Country,Date,Humidity,Latitude,Longitude,Max Temp,Windspeed
0,atuona,0.0,PF,1562447437.0,79.0,-9.8,-139.03,80.79,17.94
1,qasigiannguit,20.0,GL,1562447439.0,47.0,68.82,-51.19,55.4,4.7
2,nikolskoye,20.0,RU,1562447440.0,81.0,59.7,30.79,51.8,1.97
3,nanortalik,100.0,GL,1562447442.0,71.0,60.14,-45.24,44.18,5.84
4,pochutla,20.0,MX,1562447443.0,52.0,15.74,-96.47,93.0,2.51
5,chokurdakh,100.0,RU,1562447445.0,74.0,70.62,147.9,45.46,12.5
6,ishinomaki,75.0,JP,1562447446.0,88.0,38.42,141.3,64.4,11.41
7,paamiut,87.0,GL,1562447448.0,83.0,61.99,-49.67,44.56,1.23
8,talnakh,0.0,RU,1562447449.0,76.0,69.49,88.39,50.0,15.66
9,tomaszow mazowiecki,0.0,PL,1562447451.0,68.0,51.53,20.01,64.99,9.17
10,east london,57.0,ZA,1562447453.0,26.0,-33.02,27.91,65.92,13.09
11,bouca,100.0,CF,1562447454.0,96.0,6.51,18.28,71.27,3.49
12,castro,0.0,CL,1562447456.0,81.0,-42.48,-73.76,50.0,8.05
13,rio bueno,40.0,JM,1562447457.0,74.0,18.47,-77.46,82.4,6.93
14,yellowknife,75.0,CA,1562447459.0,67.0,62.45,-114.38,62.6,4.7
15,barrow,0.0,AR,1562447460.0,66.0,-38.31,-60.23,45.67,8.03
16,iqaluit,40.0,CA,1562447462.0,87.0,63.75,-68.52,44.6,10.29
17,tawkar,,,,,,,,
18,lavrentiya,60.0,RU,1562447464.0,38.0,65.58,-170.99,69.31,4.18
19,katsuura,75.0,JP,1562447465.0,83.0,33.93,134.5,73.4,5.82
20,kaitangata,0.0,NZ,1562447467.0,54.0,-46.28,169.85,42.01,4.0
21,bentiu,,,,,,,,
22,turukhansk,96.0,RU,1562447469.0,94.0,65.8,87.96,57.68,7.74
23,kuching,75.0,MY,1562447470.0,94.0,1.56,110.34,78.8,3.36
24,ilebo,0.0,CD,1562447472.0,34.0,-4.33,20.59,74.4,1.52
25,port alfred,19.0,ZA,1562447474.0,56.0,-33.59,26.89,68.0,7.0
26,torbay,90.0,CA,1562447475.0,77.0,47.66,-52.73,62.6,10.29
27,yar-sale,87.0,RU,1562447477.0,55.0,66.83,70.83,51.02,20.33
28,ancud,0.0,CL,1562447478.0,81.0,-41.87,-73.83,50.0,8.05
29,marion,40.0,US,1562447480.0,70.0,37.73,-88.93,91.0,10.29
30,ushuaia,75.0,AR,1562447346.0,75.0,-54.81,-68.31,41.0,32.21
31,gulshat,,,,,,,,
32,mataura,45.0,NZ,1562447483.0,82.0,-46.19,168.86,40.17,15.03
33,gamba,100.0,CN,1562447484.0,77.0,28.28,88.52,41.71,2.66
34,tilichiki,86.0,RU,1562447486.0,76.0,60.47,166.1,51.78,4.61
35,fujinomiya,97.0,JP,1562447487.0,69.0,35.24,138.62,75.0,7.0
36,naze,96.0,NG,1562447489.0,95.0,5.43,7.07,74.85,5.44
37,amderma,,,,,,,,
38,meyungs,,,,,,,,
39,usinsk,36.0,RU,1562447491.0,67.0,66.0,57.56,53.54,13.09
40,kitimat,40.0,CA,1562447493.0,41.0,54.02,-128.69,77.0,3.36
41,acapulco,75.0,MX,1562447494.0,74.0,16.86,-99.88,87.8,11.41
42,bad salzdetfurth,20.0,DE,1562447496.0,87.0,52.06,10.01,59.0,8.05
43,port elizabeth,75.0,US,1562447497.0,78.0,39.31,-74.98,91.99,9.17
44,paducah,40.0,US,1562447222.0,59.0,37.08,-88.6,89.6,6.93
45,hobart,84.0,AU,1562447500.0,87.0,-42.88,147.33,44.01,6.93
46,san-pedro,92.0,CI,1562447502.0,92.0,4.75,-6.64,71.52,5.19
47,grand gaube,75.0,MU,1562447503.0,78.0,-20.01,57.66,73.4,8.05
48,jamestown,85.0,AU,1562447428.0,94.0,-33.21,138.6,51.99,3.02
49,muchkapskiy,0.0,RU,1562447506.0,89.0,51.85,42.48,51.11,8.77
50,souillac,0.0,FR,1562447507.0,57.0,45.6,-0.6,78.01,10.29
51,new norfolk,84.0,AU,1562447509.0,87.0,-42.78,147.06,44.01,6.93
52,khandagayty,0.0,MN,1562447510.0,74.0,50.73,92.07,49.81,6.33
53,altamira,40.0,BR,1562447512.0,59.0,-3.2,-52.21,91.4,5.82
54,bluff,13.0,AU,1562447514.0,84.0,-23.58,149.07,59.43,17.11
55,mwingi,92.0,KE,1562447515.0,79.0,-0.93,38.07,66.05,9.89
56,tuktoyaktuk,90.0,CA,1562447517.0,87.0,69.44,-133.03,42.8,24.16
57,kodiak,40.0,US,1562447489.0,32.0,39.95,-94.76,86.0,6.93
58,hermanus,100.0,ZA,1562447502.0,97.0,-34.42,19.24,57.99,13.0
59,sitka,87.0,US,1562447521.0,67.0,37.17,-99.65,82.0,1.99
60,olafsvik,,,,,,,,
61,taolanaro,,,,,,,,
62,orlik,75.0,PL,1562447523.0,93.0,53.95,17.74,59.0,9.17
63,san quintin,100.0,PH,1562447525.0,92.0,17.54,120.52,74.06,2.91
64,vaitupu,,,,,,,,
65,laguna,75.0,BZ,1562447468.0,70.0,16.17,-88.94,84.2,9.17
66,illoqqortoormiut,,,,,,,,
67,saleaula,,,,,,,,
68,busselton,42.0,AU,1562447529.0,88.0,-33.64,115.35,50.0,15.01
69,bambous virieux,75.0,MU,1562447530.0,78.0,-20.34,57.76,73.4,8.05
70,kapaa,75.0,US,1562447532.0,74.0,22.08,-159.32,84.99,4.7
71,qaanaaq,67.0,GL,1562447534.0,55.0,77.48,-69.36,44.4,2.3
72,soria,11.0,ES,1562447535.0,70.0,41.76,-2.46,60.67,5.21
73,fortuna,1.0,US,1562447537.0,59.0,40.6,-124.16,79.0,16.11
74,san lorenzo,33.0,HN,1562447538.0,40.0,13.43,-87.45,95.39,2.93
75,dikson,0.0,RU,1562447540.0,90.0,73.51,80.55,34.51,15.19
76,san patricio,0.0,PY,1562447541.0,67.0,-26.98,-56.83,43.78,2.06
77,tsabong,0.0,BW,1562447543.0,49.0,-26.02,22.4,48.55,1.79
78,ossora,100.0,RU,1562447544.0,82.0,59.24,163.07,49.99,5.86
79,yirol,,,,,,,,
80,scottsbluff,75.0,US,1562447427.0,47.0,41.87,-103.67,77.0,5.82
81,upernavik,59.0,GL,1562447501.0,70.0,72.79,-56.15,47.37,9.78
82,port hedland,0.0,AU,1562447549.0,82.0,-20.31,118.58,59.0,6.93
83,geraldton,20.0,CA,1562447550.0,37.0,49.72,-86.95,69.8,8.05
84,belushya guba,,,,,,,,
85,meulaboh,62.0,ID,1562447552.0,78.0,4.14,96.13,81.85,9.19
86,norman wells,75.0,CA,1562447554.0,77.0,65.28,-126.83,59.0,16.11
87,husavik,54.0,CA,1562447556.0,32.0,50.56,-96.99,75.99,4.0
88,kutum,100.0,SD,1562447557.0,20.0,14.2,24.66,88.17,2.82
89,college,1.0,US,1562447559.0,39.0,64.86,-147.8,82.0,5.82
90,cape town,75.0,ZA,1562447338.0,93.0,-33.93,18.42,62.01,18.34
91,punta arenas,75.0,CL,1562447562.0,87.0,-53.16,-70.91,44.6,12.75
92,zhigansk,97.0,RU,1562447563.0,75.0,66.77,123.37,52.08,4.23
93,nizhneyansk,,,,,,,,
94,oktyabrskoye,20.0,RU,1562447565.0,93.0,56.73,85.44,63.0,4.97
95,grand river south east,,,,,,,,
96,vaini,100.0,IN,1562447567.0,86.0,15.34,74.49,77.86,10.71
97,faanui,0.0,PF,1562447568.0,82.0,-16.48,-151.75,77.66,14.92
98,kikwit,5.0,CD,1562447570.0,30.0,-5.04,18.82,75.03,1.45
99,lorengau,100.0,PG,1562447571.0,92.0,-2.02,147.27,75.99,9.55
100,isiro,100.0,CD,1562447573.0,98.0,2.77,27.62,67.74,1.14
101,kulhudhuffushi,100.0,MV,1562447575.0,77.0,6.62,73.07,83.78,12.48
102,albany,90.0,US,1562447543.0,94.0,42.65,-73.75,77.0,3.36
103,moindou,0.0,NC,1562447578.0,82.0,-21.69,165.68,66.2,9.17
104,sept-iles,40.0,CA,1562447579.0,28.0,50.2,-66.38,84.2,17.22
105,pacific grove,1.0,US,1562447411.0,44.0,36.62,-121.92,88.0,13.87
106,jati,83.0,PK,1562447582.0,68.0,24.35,68.27,85.0,17.29
107,dicabisagan,76.0,PH,1562447583.0,96.0,17.08,122.42,73.9,2.39
108,shanghai,40.0,CN,1562447525.0,94.0,31.23,121.49,82.0,2.24
109,maghama,,,,,,,,
110,grindavik,0.0,IS,1562447513.0,54.0,63.84,-22.43,59.0,8.05
111,marsh harbour,88.0,BS,1562447588.0,75.0,26.54,-77.06,83.69,13.87
112,hilo,90.0,US,1562447589.0,58.0,19.71,-155.08,82.99,10.29
113,provideniya,76.0,RU,1562447591.0,41.0,64.42,-173.23,64.86,4.07
114,avera,1.0,US,1562447593.0,55.0,33.19,-82.53,93.0,4.7
115,bridlington,75.0,GB,1562447594.0,71.0,54.08,-0.19,59.0,5.82
116,portland,90.0,US,1562447593.0,94.0,43.66,-70.25,80.6,4.7
117,esperance,72.0,AU,1562447597.0,93.0,-33.86,121.89,48.2,10.29
118,balakhninskiy,89.0,RU,1562447599.0,67.0,58.01,114.28,59.12,1.97
119,jasper,20.0,US,1562447600.0,41.0,33.83,-87.28,97.0,8.97
120,saint-georges,100.0,CA,1562447602.0,52.0,46.12,-70.67,79.0,3.0
121,carnarvon,0.0,ZA,1562447530.0,52.0,-30.97,22.13,48.59,15.95
122,poyarkovo,95.0,RU,1562447605.0,98.0,49.62,128.65,65.6,4.72
123,russell,1.0,US,1562447535.0,51.0,38.9,-98.86,86.0,12.75
124,carmelo,0.0,UY,1562447607.0,43.0,-34.0,-58.28,51.8,9.17
125,labytnangi,82.0,RU,1562447609.0,69.0,66.66,66.39,45.3,13.56
126,sao jose da coroa grande,13.0,BR,1562447610.0,93.0,-8.9,-35.15,72.94,5.84
127,vrangel,0.0,RU,1562447612.0,95.0,42.73,133.08,57.86,2.95
128,tari,1.0,NG,1562447614.0,39.0,12.41,4.49,92.53,3.36
129,cockburn town,44.0,TC,1562447615.0,78.0,21.46,-71.14,82.27,21.03
130,sur,4.0,OM,1562447617.0,50.0,22.57,59.53,88.44,11.18
131,rikitea,100.0,PF,1562447618.0,72.0,-23.12,-134.97,70.77,22.24
132,florida,0.0,UY,1562447366.0,74.0,-34.1,-56.21,39.59,4.94
133,tevriz,100.0,RU,1562447621.0,99.0,57.51,72.4,56.62,5.77
134,tumannyy,,,,,,,,
135,marawi,31.0,PH,1562447623.0,96.0,8.0,124.29,75.0,5.01
136,samarai,65.0,PG,1562447625.0,91.0,-10.62,150.67,74.85,6.29
137,mazamari,99.0,PE,1562447626.0,83.0,-11.33,-74.53,46.81,3.24
138,labuhan,0.0,ID,1562447628.0,95.0,-2.54,115.51,70.8,1.16
139,khatanga,62.0,RU,1562447629.0,68.0,71.98,102.47,46.0,14.76
140,guerrero negro,0.0,MX,1562447631.0,85.0,27.97,-114.04,65.04,13.49
141,dawson creek,75.0,CA,1562447633.0,55.0,55.76,-120.23,68.0,3.36
142,roma,0.0,IT,1562447634.0,61.0,41.89,12.48,77.0,3.36
143,loukhi,100.0,RU,1562447636.0,96.0,66.08,33.04,51.96,7.67
144,chuy,93.0,UY,1562447637.0,67.0,-33.69,-53.46,46.47,11.54
145,saint-pierre,0.0,FR,1562447639.0,49.0,48.95,4.24,71.6,9.17
146,longyearbyen,0.0,NO,1562447640.0,76.0,78.22,15.63,51.8,3.36
147,ketchikan,75.0,US,1562447642.0,82.0,55.34,-131.65,66.2,11.41
148,beloha,0.0,MG,1562447643.0,93.0,-25.17,45.06,64.38,3.62
149,nogliki,16.0,RU,1562447645.0,85.0,51.8,143.14,57.77,12.19
150,sorland,100.0,NO,1562447646.0,94.0,67.67,12.69,48.37,19.35
151,talcahuano,90.0,CL,1562447648.0,82.0,-36.72,-73.12,55.4,16.11
152,grootfontein,0.0,NA,1562447649.0,24.0,-19.56,18.1,51.16,7.27
153,barentsburg,,,,,,,,
154,georgetown,75.0,GY,1562447651.0,79.0,6.8,-58.16,84.2,9.17
155,praia da vitoria,75.0,PT,1562447653.0,73.0,38.73,-27.07,75.2,14.79
156,cayenne,25.0,GF,1562447655.0,66.0,4.94,-52.33,86.0,10.29
157,ambilobe,5.0,MG,1562447656.0,82.0,-13.19,49.05,71.14,4.14
158,shelburne,1.0,CA,1562447658.0,62.0,44.08,-80.2,87.8,10.29
159,severo-kurilsk,92.0,RU,1562447659.0,93.0,50.68,156.12,43.62,6.87
160,cabo san lucas,75.0,MX,1562447494.0,27.0,22.89,-109.91,95.0,12.75
161,parole,1.0,US,1562447662.0,55.0,38.98,-76.54,93.99,5.82
162,frontera,20.0,MX,1562447663.0,46.0,18.53,-92.64,93.2,12.75
163,butaritari,100.0,KI,1562447665.0,70.0,3.07,172.79,83.8,2.89
164,jacareacanga,2.0,BR,1562447666.0,71.0,-6.22,-57.76,82.47,2.89
165,ouallam,68.0,NE,1562447668.0,27.0,14.32,2.08,96.2,7.23
166,mys shmidta,,,,,,,,
167,haukipudas,0.0,FI,1562447670.0,82.0,65.17,25.5,55.4,4.7
168,moncada,78.0,ES,1562447671.0,61.0,39.55,-0.39,84.2,3.36
169,miles city,1.0,US,1562447673.0,44.0,46.41,-105.84,82.99,16.11
170,hamilton,40.0,CA,1562447562.0,69.0,43.26,-79.87,87.8,12.75
171,attawapiskat,,,,,,,,
172,hasaki,75.0,JP,1562447676.0,100.0,35.73,140.83,68.0,20.8
173,thompson,75.0,CA,1562447409.0,27.0,55.74,-97.86,77.0,10.29
174,cap malheureux,75.0,MU,1562447679.0,78.0,-19.98,57.61,73.4,8.05
175,clyde river,90.0,CA,1562447510.0,100.0,70.47,-68.59,37.4,19.46
176,kashi,,,,,,,,
177,lebu,40.0,ET,1562447683.0,93.0,8.96,38.73,57.2,2.24
178,pisco,0.0,PE,1562447684.0,30.0,-13.71,-76.2,71.6,9.17
179,isangel,75.0,VU,1562447685.0,100.0,-19.55,169.27,68.0,26.13
180,dunedin,12.0,NZ,1562447687.0,56.0,-45.87,170.5,44.25,5.39
181,corinth,0.0,GR,1562447688.0,61.0,37.94,22.93,82.99,2.35
182,vung tau,3.0,VN,1562447690.0,89.0,10.35,107.08,77.32,6.69
183,opuwo,0.0,NA,1562447691.0,23.0,-18.06,13.84,58.42,6.91
184,mendi,10.0,ET,1562447693.0,92.0,9.8,35.1,62.23,3.51
185,awjilah,0.0,LY,1562447695.0,51.0,29.14,21.3,78.97,17.05
186,saint-augustin,75.0,CA,1562447696.0,48.0,45.63,-73.98,86.0,11.41
187,amapa,75.0,HN,1562447698.0,52.0,15.09,-87.97,89.6,16.11
188,kuche,,,,,,,,
189,caronport,75.0,CA,1562447699.0,50.0,50.46,-105.81,78.01,10.29
190,chhatak,100.0,BD,1562447701.0,93.0,25.03,91.67,79.44,7.74
191,port lincoln,0.0,AU,1562447510.0,72.0,-34.72,135.86,58.08,17.98
192,pavlovka,100.0,RU,1562447704.0,97.0,52.69,47.13,54.06,8.95
193,cidreira,72.0,BR,1562447705.0,71.0,-30.17,-50.22,46.11,10.02
194,bereda,20.0,ES,1562447707.0,77.0,43.27,-7.54,66.2,2.24
195,constantine,40.0,DZ,1562447708.0,30.0,36.36,6.61,84.2,3.65
196,airai,55.0,TL,1562447599.0,79.0,-8.93,125.41,63.24,5.97
197,mikuni,75.0,JP,1562447711.0,94.0,36.22,136.15,69.8,5.82
198,daru,36.0,PG,1562447713.0,91.0,-9.07,143.21,73.63,6.42
199,puerto ayora,75.0,EC,1562447714.0,69.0,-0.74,-90.35,77.0,17.22
200,namibe,100.0,AO,1562447716.0,90.0,-15.19,12.15,69.0,2.57
201,ribeira grande,40.0,PT,1562447717.0,88.0,38.52,-28.7,71.6,5.82
202,boende,53.0,CD,1562447719.0,91.0,-0.28,20.88,73.16,1.43
203,kruisfontein,100.0,ZA,1562447720.0,72.0,-34.0,24.73,59.68,14.36
204,rio gallegos,40.0,AR,1562447586.0,78.0,-51.62,-69.22,41.0,3.36
205,arlit,0.0,NE,1562447723.0,12.0,18.74,7.39,101.2,8.55
206,zyryanka,97.0,RU,1562447725.0,50.0,65.73,150.89,62.04,14.38
207,hailar,100.0,CN,1562447726.0,96.0,49.2,119.7,53.92,6.6
208,kanniyakumari,100.0,IN,1562447725.0,85.0,8.08,77.57,81.1,16.62
209,saint george,0.0,GR,1562447729.0,47.0,39.45,22.34,82.99,1.28
210,ola,100.0,RU,1562447730.0,97.0,59.58,151.3,45.51,4.12
211,mareeba,16.0,AU,1562447732.0,83.0,-16.99,145.42,69.8,8.05
212,tasiilaq,5.0,GL,1562447730.0,86.0,65.61,-37.64,39.2,12.75
213,hay river,90.0,CA,1562447735.0,100.0,60.82,-115.79,59.0,4.7
214,chipinge,0.0,ZW,1562447737.0,63.0,-20.19,32.62,56.58,3.65
215,macaboboni,,,,,,,,
216,sakakah,,,,,,,,
217,avarua,35.0,CK,1562447453.0,60.0,-21.21,-159.78,75.2,19.46
218,port pirie,75.0,AU,1562447740.0,87.0,-33.18,138.01,51.8,2.24
219,tucurui,26.0,BR,1562447507.0,63.0,-3.77,-49.67,84.61,2.64
220,basco,40.0,US,1562447743.0,66.0,40.33,-91.2,90.0,9.17
221,tubruq,,,,,,,,
222,ust-maya,72.0,RU,1562447745.0,94.0,60.42,134.54,53.34,4.79
223,vila velha,20.0,BR,1562447747.0,74.0,-3.71,-38.6,86.0,6.93
224,nam tha,,,,,,,,
225,dalby,90.0,AU,1562447656.0,87.0,-27.18,151.26,57.2,11.41
226,san jose iturbide,40.0,MX,1562447750.0,39.0,21.0,-100.38,81.0,6.93
227,hofn,2.0,IS,1562447581.0,60.0,64.25,-15.21,43.42,7.63
228,louisbourg,,,,,,,,
229,viedma,0.0,AR,1562447754.0,69.0,-40.81,-62.99,47.56,3.96
230,sao paulo de olivenca,100.0,BR,1562447755.0,95.0,-3.38,-68.87,78.87,3.42
231,kerteh,,,,,,,,
232,narsaq,40.0,GL,1562447749.0,48.0,60.91,-46.05,60.8,9.17
233,yuncheng,0.0,CN,1562447758.0,40.0,35.03,111.0,70.17,4.36
234,mentok,,,,,,,,
235,gainesville,90.0,US,1562447694.0,70.0,29.65,-82.33,88.0,4.7
236,kendari,5.0,ID,1562447761.0,95.0,-3.99,122.52,65.69,1.99
237,tiksi,28.0,RU,1562447617.0,82.0,71.64,128.87,38.69,6.42
238,bandarbeyla,72.0,SO,1562447528.0,58.0,9.49,50.81,81.73,23.67
239,samusu,,,,,,,,
240,fengrun,100.0,CN,1562447766.0,93.0,39.83,118.12,64.41,4.41
241,saint-philippe,75.0,CA,1562447768.0,69.0,45.36,-73.48,86.0,4.7
242,bolobo,8.0,CD,1562447769.0,66.0,-2.17,16.23,78.25,3.62
243,peniche,20.0,PT,1562447770.0,82.0,39.36,-9.38,68.0,6.93
244,charters towers,36.0,AU,1562447772.0,97.0,-20.07,146.27,59.97,7.4
245,bonthe,98.0,SL,1562447774.0,86.0,7.53,-12.5,76.65,12.73
246,tambul,,,,,,,,
247,ostersund,100.0,SE,1562447776.0,81.0,63.18,14.64,48.2,16.11
248,caruray,62.0,PH,1562447777.0,75.0,10.31,119.01,81.55,6.51
249,te anau,2.0,NZ,1562447593.0,74.0,-45.41,167.72,42.99,11.52
250,ponta do sol,55.0,BR,1562447780.0,58.0,-20.63,-46.0,52.48,5.28
251,skalistyy,,,,,,,,
252,kadykchan,,,,,,,,
253,asau,,,,,,,,
254,bangassou,97.0,CF,1562447783.0,94.0,4.74,22.82,70.15,1.34
255,bengkulu,,,,,,,,
256,ilulissat,20.0,GL,1562447785.0,47.0,69.22,-51.1,55.4,3.36
257,sabang,5.0,PH,1562447786.0,92.0,13.8,121.11,72.19,0.98
258,tsihombe,,,,,,,,
259,lagoa,20.0,PT,1562447788.0,57.0,37.14,-8.45,75.2,12.75
260,tanhacu,100.0,BR,1562447789.0,35.0,-14.02,-41.25,83.37,2.46
261,codrington,90.0,AU,1562447791.0,100.0,-28.95,153.24,57.2,3.58
262,constitucion,75.0,MX,1562447793.0,14.0,23.99,-104.67,82.99,4.7
263,touros,20.0,BR,1562447580.0,74.0,-5.2,-35.46,80.6,11.41
264,kaka,0.0,TM,1562447796.0,18.0,37.35,59.62,88.1,4.05
265,fairbanks,1.0,US,1562447521.0,39.0,64.84,-147.72,82.0,5.82
266,grand forks,1.0,US,1562447799.0,27.0,47.91,-97.06,78.8,6.93
267,yenisehir,0.0,TR,1562447800.0,72.0,40.26,29.65,68.0,2.24
268,mitsamiouli,0.0,KM,1562447802.0,79.0,-11.38,43.28,77.89,16.49
269,zolochiv,0.0,UA,1562447803.0,51.0,50.28,35.98,60.8,4.47
270,dongsheng,100.0,CN,1562447805.0,64.0,29.72,112.52,75.86,1.41
271,paradwip,,,,,,,,
272,vardo,40.0,US,1562447807.0,69.0,39.62,-77.74,95.0,4.7
273,baykit,0.0,RU,1562447808.0,95.0,61.68,96.39,51.29,2.28
274,dong xoai,44.0,VN,1562447810.0,93.0,11.53,106.92,75.48,3.71
275,itarema,76.0,BR,1562447727.0,80.0,-2.92,-39.92,76.8,8.08
276,boden,88.0,SE,1562447813.0,81.0,65.83,21.69,53.6,1.12
277,marsa matruh,0.0,EG,1562447814.0,88.0,31.35,27.25,78.8,10.29
278,liuzhou,100.0,CN,1562447816.0,93.0,24.32,109.41,77.44,8.28
279,naugarzan,,,,,,,,
280,santo antonio do taua,40.0,BR,1562447818.0,79.0,-1.15,-48.13,84.2,12.75
281,chapais,40.0,CA,1562447819.0,39.0,49.78,-74.86,66.2,13.87
282,leh,0.0,IN,1562447821.0,50.0,34.16,77.58,35.47,3.51
283,lingyuan,100.0,CN,1562447822.0,90.0,41.24,119.4,58.35,3.98
284,sai buri,67.0,TH,1562447824.0,96.0,6.7,101.62,73.84,1.66
285,hearst,0.0,CA,1562447825.0,27.0,49.69,-83.67,74.29,6.71
286,zhangye,100.0,CN,1562447827.0,40.0,38.94,100.46,61.57,9.19
287,stadskanaal,90.0,NL,1562447828.0,62.0,52.99,6.96,57.99,8.05
288,koryazhma,0.0,RU,1562447830.0,93.0,61.32,47.16,50.84,0.81
289,sao filipe,33.0,CV,1562447539.0,84.0,14.9,-24.5,73.5,22.57
290,lwowek slaski,90.0,PL,1562447833.0,70.0,51.11,15.59,66.0,4.23
291,lolua,,,,,,,,
292,mehamn,6.0,NO,1562447787.0,88.0,71.03,27.85,44.18,15.75
293,leningradskiy,26.0,RU,1562447753.0,60.0,69.38,178.42,55.03,9.6
294,amahai,81.0,ID,1562447838.0,95.0,-3.31,129.0,79.0,10.38
295,tuatapere,78.0,NZ,1562447839.0,78.0,-46.13,167.69,49.45,41.9
296,coquimbo,0.0,CL,1562447840.0,67.0,-29.95,-71.34,62.01,2.24
297,khasan,100.0,RU,1562447842.0,96.0,42.43,130.64,58.27,1.99
298,victoria,75.0,BN,1562447843.0,88.0,5.28,115.24,78.8,1.45
299,zhezkazgan,0.0,KZ,1562447845.0,50.0,47.8,67.71,71.41,11.81
300,bullhead city,5.0,US,1562447846.0,6.0,35.15,-114.57,106.0,6.93
301,portoferraio,0.0,IT,1562447848.0,88.0,42.81,10.31,82.0,2.24
302,mar del plata,2.0,AR,1562447849.0,64.0,-46.43,-67.52,46.86,9.19
303,mount gambier,90.0,AU,1562447851.0,81.0,-37.83,140.78,53.6,11.41
304,hashtrud,0.0,IR,1562447853.0,59.0,37.48,47.05,61.55,4.18
305,trelew,0.0,AR,1562447638.0,63.0,-43.25,-65.31,48.23,7.43
306,dublin,40.0,IE,1562447856.0,87.0,53.35,-6.26,60.8,4.7
307,korla,,,,,,,,
308,port hawkesbury,1.0,CA,1562447858.0,45.0,45.62,-61.36,86.0,12.75
309,biltine,0.0,TD,1562447859.0,27.0,14.53,20.93,94.06,8.28
310,cherskiy,0.0,RU,1562447861.0,37.0,68.75,161.3,72.66,19.1
311,willmar,1.0,US,1562447862.0,39.0,45.12,-95.04,80.6,6.93
312,buraydah,0.0,SA,1562447864.0,19.0,26.33,43.97,96.8,3.36
313,hithadhoo,100.0,MV,1562447865.0,70.0,-0.6,73.08,84.07,10.0
314,vestmannaeyjar,0.0,IS,1562447867.0,71.0,63.44,-20.27,54.44,10.47
315,maragogi,13.0,BR,1562447810.0,93.0,-9.01,-35.22,72.94,5.84
316,bhiwandi,75.0,IN,1562447802.0,89.0,19.3,73.06,84.2,12.75
317,shaunavon,0.0,CA,1562447871.0,47.0,49.65,-108.41,76.94,12.1
318,shieli,0.0,KZ,1562447873.0,34.0,44.18,66.74,84.07,9.22
319,celestun,0.0,MX,1562447874.0,74.0,20.87,-90.4,82.97,12.44
320,aswan,0.0,EG,1562447876.0,8.0,24.09,32.9,89.6,8.05
321,camacupa,0.0,AO,1562447877.0,37.0,-12.02,17.48,54.33,2.01
322,hirara,100.0,JP,1562447879.0,87.0,24.8,125.28,83.98,17.07
323,armenia,20.0,CO,1562447880.0,55.0,4.54,-75.67,89.6,11.41
324,nuuk,75.0,GL,1562447882.0,66.0,64.17,-51.74,51.8,9.17
325,alofi,75.0,NU,1562447883.0,78.0,-19.06,-169.92,75.2,4.7
326,atambua,64.0,ID,1562447885.0,70.0,-9.11,124.89,73.93,17.87
327,oum hadjer,0.0,TD,1562447886.0,32.0,13.3,19.7,94.08,3.85
328,werda,0.0,BW,1562447888.0,16.0,-25.27,23.28,51.96,3.31
329,aden,100.0,YE,1562447889.0,37.0,12.79,45.03,92.49,5.73
330,sentyabrskiy,,,,,,,,
331,adrar,0.0,DZ,1562447755.0,9.0,27.87,-0.29,104.0,8.05
332,ayaviri,33.0,PE,1562447893.0,22.0,-14.88,-70.59,52.75,6.38
333,arrecife,,,,,,,,
334,banes,40.0,CU,1562447895.0,62.0,20.96,-75.72,87.8,20.8
335,eucaliptus,0.0,BO,1562447897.0,26.0,-17.6,-67.51,56.67,3.22
336,yeppoon,40.0,AU,1562447898.0,77.0,-23.13,150.74,64.4,10.29
337,saskylakh,100.0,RU,1562447900.0,97.0,71.97,114.09,42.36,5.73
338,ambon,0.0,FR,1562447901.0,60.0,47.55,-2.56,73.4,5.82
339,saint-louis,75.0,SN,1562447902.0,78.0,16.03,-16.5,78.8,6.93
340,tupiza,26.0,BO,1562447904.0,6.0,-21.44,-65.72,56.24,2.59
341,sadowara,,,,,,,,
342,bargal,,,,,,,,
343,tomatlan,57.0,MX,1562447906.0,59.0,19.93,-105.25,88.6,17.94
344,monrovia,75.0,LR,1562447802.0,83.0,6.33,-10.8,78.8,4.7
345,buala,67.0,SB,1562447812.0,82.0,-8.15,159.59,80.23,11.03
346,san cristobal,91.0,HN,1562447910.0,53.0,14.68,-86.92,82.11,8.99
347,nouakchott,100.0,MR,1562447735.0,83.0,18.08,-15.98,75.2,10.29
348,llangefni,12.0,GB,1562447914.0,76.0,53.26,-4.31,59.0,6.93
349,mattoon,40.0,US,1562447915.0,46.0,39.48,-88.38,93.0,12.75
350,bredasdorp,100.0,ZA,1562447917.0,82.0,-34.53,20.04,62.6,18.34
351,hobyo,100.0,SO,1562447918.0,74.0,5.35,48.53,78.6,25.55
352,hinche,40.0,HT,1562447919.0,55.0,19.14,-72.01,91.4,11.41
353,coahuayana,26.0,MX,1562447921.0,51.0,18.62,-100.35,93.23,0.98
354,washougal,90.0,US,1562447922.0,63.0,45.58,-122.35,69.01,4.09
355,poum,0.0,MK,1562447924.0,78.0,41.28,20.71,60.97,2.89
356,homer,1.0,US,1562447925.0,77.0,59.64,-151.54,77.0,5.82
357,raga,,,,,,,,
358,flin flon,75.0,CA,1562447927.0,33.0,54.77,-101.88,75.2,6.93
359,yerbogachen,92.0,RU,1562447929.0,89.0,61.28,108.01,61.15,6.71
360,tura,100.0,RU,1562447826.0,93.0,64.27,100.22,50.97,3.02
361,karratha,0.0,AU,1562447815.0,78.0,-20.74,116.85,64.77,6.98
362,salta,75.0,AR,1562447899.0,66.0,-24.79,-65.41,55.4,4.7
363,nikolayevsk-na-amure,55.0,RU,1562447935.0,91.0,53.14,140.72,61.23,5.28
364,klaksvik,100.0,FO,1562447937.0,93.0,62.23,-6.59,44.6,25.28
365,yankton,75.0,US,1562447938.0,57.0,42.87,-97.4,78.8,5.82
366,charyshskoye,49.0,RU,1562447940.0,87.0,51.4,83.56,56.01,5.91
367,grand centre,,,,,,,,
368,pevek,0.0,RU,1562447941.0,75.0,69.7,170.27,47.01,25.48
369,sarangani,100.0,PH,1562447943.0,72.0,5.4,125.46,82.43,4.65
370,dhidhdhoo,100.0,MV,1562447944.0,78.0,6.88,73.1,83.91,13.29
371,maniitsoq,23.0,GL,1562447946.0,72.0,65.42,-52.9,45.62,7.16
372,boyolangu,1.0,ID,1562447947.0,95.0,-8.09,111.9,67.69,4.09
373,warqla,,,,,,,,
374,talakan,100.0,RU,1562447949.0,97.0,50.29,130.28,63.8,3.22
375,pombas,0.0,BR,1562447951.0,36.0,-15.9,-54.74,66.36,8.05
376,tutoia,20.0,BR,1562447766.0,66.0,-2.76,-42.27,87.8,11.41
377,sola,67.0,TZ,1562447954.0,56.0,-3.17,33.8,72.04,6.4
378,bilma,64.0,NE,1562447956.0,10.0,18.69,12.92,99.39,5.88
379,ahipara,33.0,NZ,1562447957.0,55.0,-35.17,173.16,56.46,8.1
380,whitianga,0.0,NZ,1562447959.0,97.0,-36.83,175.7,46.0,1.83
381,kota tinggi,75.0,MY,1562447960.0,88.0,1.73,103.9,84.2,2.24
382,iberia,26.0,PE,1562447962.0,41.0,-11.41,-69.49,74.1,5.5
383,inhambane,0.0,MZ,1562447963.0,81.0,-23.87,35.38,60.78,6.62
384,bairiki,,,,,,,,
385,taywarah,0.0,AF,1562447965.0,34.0,33.35,64.42,59.25,7.09
386,beringovskiy,39.0,RU,1562447966.0,70.0,63.05,179.32,56.06,4.36
387,muros,40.0,ES,1562447968.0,82.0,42.77,-9.06,66.0,2.24
388,mollendo,55.0,PE,1562447969.0,86.0,-17.03,-72.02,62.09,9.15
389,saint helens,90.0,US,1562447783.0,68.0,45.86,-122.81,68.0,3.36
390,ordynskoye,0.0,RU,1562447973.0,74.0,54.37,81.9,60.34,9.95
391,camacha,40.0,PT,1562447974.0,73.0,33.08,-16.33,69.8,11.41
392,nuevo progreso,40.0,US,1562447976.0,52.0,26.05,-97.95,98.6,12.75
393,shenjiamen,100.0,CN,1562447977.0,95.0,29.96,122.3,75.66,4.85
394,mnogovershinnyy,100.0,RU,1562447979.0,95.0,53.94,139.92,58.45,6.44
395,velingrad,5.0,BG,1562447980.0,68.0,42.03,23.99,71.6,4.7
396,whitehorse,75.0,CA,1562447982.0,31.0,60.72,-135.06,80.01,6.93
397,shizunai,100.0,JP,1562447983.0,96.0,42.33,142.37,57.12,1.57
398,kosice,0.0,CZ,1562447985.0,33.0,50.18,15.53,75.2,3.36
399,lompoc,1.0,US,1562447986.0,68.0,34.64,-120.46,87.01,16.11
400,majene,0.0,ID,1562447987.0,81.0,-3.54,118.97,78.65,28.41
401,sakaiminato,75.0,JP,1562447989.0,68.0,35.55,133.23,71.6,6.93
402,port hardy,75.0,CA,1562447990.0,77.0,50.7,-127.42,62.6,8.05
403,berlevag,44.0,NO,1562447992.0,88.0,70.86,29.09,44.79,22.3
404,inhumas,0.0,BR,1562447994.0,43.0,-16.36,-49.5,71.6,10.29
405,gambela,76.0,ET,1562447996.0,69.0,8.25,34.59,69.78,4.47
406,monzon,20.0,IT,1562447997.0,100.0,46.45,11.69,69.01,2.24
407,mana,0.0,NG,1562447856.0,42.0,13.03,5.27,90.94,6.8
408,shingu,100.0,JP,1562448000.0,98.0,33.72,135.99,63.66,4.12
409,honiara,75.0,SB,1562448001.0,94.0,-9.43,159.96,69.8,3.36
410,vredendal,100.0,ZA,1562448003.0,92.0,-31.68,18.49,57.12,16.24
411,tiznit,88.0,MA,1562448004.0,87.0,29.7,-9.73,67.0,14.16
412,ust-kuyga,78.0,RU,1562448006.0,56.0,70.0,135.55,60.72,5.28
413,vila franca do campo,75.0,PT,1562448007.0,77.0,37.72,-25.43,68.0,10.29
414,port shepstone,0.0,ZA,1562448009.0,19.0,-30.74,30.45,58.8,8.28
415,kaeo,0.0,NZ,1562448010.0,95.0,-35.1,173.78,42.01,2.73
416,gumusyaka,,,,,,,,
417,teplodar,0.0,UA,1562448012.0,59.0,46.51,30.33,66.2,1.07
418,cristalina,0.0,BR,1562448014.0,55.0,-16.77,-47.61,63.85,6.55
419,mahebourg,75.0,MU,1562448016.0,78.0,-20.41,57.7,73.4,9.17
420,roebourne,0.0,AU,1562448017.0,54.0,-20.77,117.15,64.48,11.81
421,fershampenuaz,0.0,RU,1562448019.0,86.0,53.52,59.82,52.1,4.03
422,ternate,20.0,PH,1562448020.0,83.0,14.29,120.72,81.0,4.07
423,natal,20.0,BR,1562448022.0,74.0,-5.81,-35.21,80.6,5.82
424,bethel,1.0,US,1562447978.0,60.0,60.79,-161.76,75.2,4.7
425,brainerd,40.0,US,1562447825.0,53.0,46.36,-94.2,80.6,4.7
426,havre-saint-pierre,90.0,CA,1562448026.0,93.0,50.23,-63.6,62.6,12.75
427,catamarca,,,,,,,,
428,hibbing,20.0,US,1562448028.0,41.0,47.43,-92.94,77.0,4.7
429,xingyi,100.0,CN,1562448029.0,98.0,24.19,102.82,61.08,3.69
430,salisbury,75.0,GB,1562448031.0,68.0,51.07,-1.8,69.8,6.93
431,manaure,75.0,CO,1562448033.0,44.0,11.78,-72.45,96.8,18.34
432,mrirt,,,,,,,,
433,panguna,71.0,PG,1562448035.0,81.0,-6.32,155.48,81.04,13.2
434,qaqortoq,40.0,GL,1562448036.0,48.0,60.72,-46.03,60.8,9.17
435,montrose,75.0,GB,1562448038.0,93.0,56.71,-2.47,57.2,8.05
436,arraial do cabo,20.0,BR,1562448039.0,52.0,-22.97,-42.02,66.2,19.46
437,caravelas,100.0,BR,1562448041.0,79.0,-17.73,-39.27,74.04,19.73
438,deputatskiy,70.0,RU,1562448042.0,73.0,69.3,139.9,52.35,5.17
439,taoudenni,0.0,ML,1562448044.0,11.0,22.68,-3.98,104.3,9.53
440,nesterovskaya,75.0,RU,1562448045.0,78.0,43.24,45.05,71.6,13.42
441,dingle,66.0,PH,1562448046.0,88.0,11.0,122.67,74.44,3.42
442,kuytun,95.0,RU,1562448048.0,91.0,54.34,101.51,53.97,3.04
443,palu,0.0,ID,1562448049.0,86.0,-0.9,119.87,73.29,3.02
444,aasiaat,56.0,GL,1562448051.0,71.0,68.71,-52.87,44.85,9.01
445,barry,75.0,GB,1562448053.0,88.0,51.4,-3.27,64.99,6.93
446,sinnamary,0.0,GF,1562447832.0,78.0,5.38,-52.96,81.06,14.45
447,guelengdeng,,,,,,,,
448,tahe,90.0,CN,1562448056.0,68.0,52.34,124.71,57.63,1.57
449,almenara,28.0,BR,1562448058.0,69.0,-16.17,-40.69,71.18,2.44
450,bukachacha,100.0,RU,1562448059.0,60.0,52.99,116.91,57.99,4.0
451,killybegs,0.0,IE,1562448061.0,72.0,54.63,-8.45,59.0,10.29
452,carutapera,9.0,BR,1562447841.0,91.0,-1.2,-46.02,77.75,8.21
453,taloqan,0.0,AF,1562448063.0,18.0,36.74,69.54,77.77,4.74
454,kahului,40.0,US,1562448065.0,52.0,20.89,-156.47,89.6,11.41
455,pangoa,100.0,PE,1562448066.0,75.0,-12.12,-73.0,67.78,0.92
456,sahbuz,75.0,AZ,1562448068.0,39.0,39.41,45.57,78.8,6.93
457,jumla,89.0,NP,1562448069.0,91.0,29.28,82.18,52.3,3.24
458,hualmay,100.0,PE,1562448071.0,88.0,-11.1,-77.61,63.06,11.21
459,anchorage,1.0,US,1562447922.0,50.0,61.22,-149.89,82.99,5.82
460,kamina,0.0,CD,1562448074.0,34.0,-8.74,25.0,65.19,3.56
461,tabuk,100.0,PH,1562448076.0,94.0,17.41,121.44,63.53,1.45
462,cerkezkoy,40.0,TR,1562448077.0,83.0,41.28,28.0,75.2,8.05
463,umzimvubu,,,,,,,,
464,bauchi,2.0,NG,1562448079.0,69.0,10.31,9.85,77.86,4.29
465,hovd,75.0,NO,1562448081.0,81.0,63.83,10.7,51.01,6.93
466,nome,40.0,US,1562448082.0,50.0,30.04,-94.42,97.0,3.36
467,mocambique,,,,,,,,
468,henties bay,0.0,NA,1562448084.0,94.0,-22.12,14.28,51.01,1.99
469,najran,5.0,SA,1562448085.0,15.0,17.54,44.22,86.0,4.7
470,yangjiang,100.0,CN,1562448087.0,95.0,21.85,111.96,76.65,1.03
471,nueva loja,75.0,EC,1562448088.0,62.0,0.08,-76.88,84.2,2.24
472,domna,98.0,RU,1562448090.0,87.0,51.9,113.16,51.8,2.24
473,sao joao da barra,0.0,BR,1562447807.0,56.0,-21.64,-41.05,69.8,16.11
474,emilio carranza,79.0,MX,1562448093.0,69.0,19.97,-96.61,82.95,4.38
475,shalakusha,8.0,RU,1562448095.0,95.0,62.23,40.26,51.36,3.69
476,falealupo,,,,,,,,
477,huron,75.0,US,1562448097.0,50.0,44.36,-98.21,80.6,5.82
478,lasa,20.0,CY,1562448098.0,88.0,34.92,32.53,78.8,5.82
479,satitoa,,,,,,,,
480,saldanha,0.0,PT,1562448100.0,63.0,41.42,-6.55,68.23,11.27
481,makakilo city,40.0,US,1562448101.0,69.0,21.35,-158.09,87.8,9.17
482,vuktyl,100.0,RU,1562448103.0,97.0,63.86,57.31,55.18,6.69
483,yulara,40.0,AU,1562448104.0,57.0,-25.24,130.99,51.8,8.05
484,khvorostyanka,100.0,RU,1562448106.0,95.0,52.62,48.95,58.24,5.48
485,sinkat,,,,,,,,
486,mutsamudu,,,,,,,,
487,balclutha,0.0,NZ,1562448108.0,60.0,-46.24,169.74,41.0,4.0
488,broome,95.0,GB,1562448110.0,82.0,52.47,1.45,59.0,2.24
489,fernie,75.0,CA,1562448111.0,40.0,49.5,-115.06,73.4,9.17
490,derby,20.0,GB,1562448112.0,87.0,52.92,-1.48,61.0,8.05
491,bargarh,100.0,IN,1562448132.0,84.0,21.33,83.61,77.61,12.35
492,margate,84.0,AU,1562448134.0,87.0,-43.03,147.26,42.8,6.93
493,ixtapa,40.0,MX,1562448136.0,55.0,20.71,-105.21,89.01,13.87
494,tevaitoa,0.0,PF,1562448137.0,79.0,-16.78,-151.5,77.84,17.31
495,lar gerd,,,,,,,,
496,jalu,0.0,LY,1562448139.0,42.0,29.03,21.55,81.71,14.7
497,flinders,35.0,AU,1562448140.0,100.0,-34.58,150.85,55.99,3.36
498,natalinsk,,,,,,,,
499,cartagena del chaira,2.0,CO,1562448142.0,93.0,1.33,-74.84,78.02,2.55
500,amalapuram,100.0,IN,1562448144.0,76.0,16.58,82.0,81.76,6.82
501,gurskoye,,,,,,,,
502,samalaeulu,,,,,,,,
503,lowestoft,69.0,GB,1562448146.0,82.0,52.48,1.75,57.99,2.24
504,candolim,75.0,IN,1562448148.0,79.0,15.52,73.76,84.2,17.22
505,mergui,,,,,,,,
506,ewa beach,75.0,US,1562448142.0,83.0,21.32,-158.01,87.8,9.17
507,tagcatong,85.0,PH,1562448152.0,78.0,9.0,125.26,80.27,1.7
508,redhakhol,,,,,,,,
509,milyutinskaya,56.0,RU,1562448154.0,87.0,48.63,41.67,58.45,5.19
510,byron bay,90.0,AU,1562448156.0,100.0,-28.65,153.62,59.0,2.62
511,yerofey pavlovich,5.0,RU,1562448157.0,67.0,53.97,121.97,58.18,2.39
512,fukumitsu,75.0,JP,1562448158.0,94.0,36.55,136.87,73.0,5.82
513,behshahr,75.0,IR,1562448160.0,83.0,36.69,53.54,75.2,4.7
514,los llanos de aridane,75.0,ES,1562448083.0,78.0,28.66,-17.92,71.6,13.87
515,chumikan,36.0,RU,1562448163.0,76.0,54.72,135.31,62.16,6.55
516,caracollo,33.0,PE,1562448165.0,22.0,-14.92,-70.66,52.75,6.38
517,yinchuan,85.0,CN,1562448166.0,20.0,38.48,106.21,66.09,4.7
518,okhotsk,100.0,RU,1562448168.0,79.0,59.36,143.24,49.4,3.0
519,caledon,75.0,CA,1562448169.0,52.0,43.88,-79.86,87.8,20.8
520,mukhen,94.0,RU,1562448171.0,97.0,48.19,136.14,67.85,3.98
521,kalga,100.0,RU,1562448172.0,96.0,50.92,118.9,51.79,3.13
522,morondava,0.0,MG,1562448174.0,81.0,-20.3,44.28,74.06,16.98
523,buxton,40.0,AU,1562448175.0,100.0,-25.19,152.54,62.01,6.93
524,mountain home,1.0,US,1562447968.0,23.0,43.13,-115.69,90.0,5.82
525,hanzhong,9.0,CN,1562448178.0,73.0,33.08,107.03,64.77,1.81
526,omboue,0.0,GA,1562448179.0,90.0,-1.57,9.26,72.78,13.78
527,basoko,74.0,CD,1562448181.0,94.0,1.23,23.61,71.54,2.15
528,lata,100.0,IN,1562448183.0,84.0,30.78,78.62,46.52,2.04
529,quelimane,0.0,MZ,1562448184.0,88.0,-17.88,36.89,68.0,2.24
530,urubicha,48.0,BO,1562448186.0,36.0,-15.63,-63.08,66.52,6.2
531,angatuba,0.0,BR,1562448187.0,68.0,-23.49,-48.41,47.71,3.44
532,leo,59.0,BF,1562448189.0,62.0,11.1,-2.1,82.0,6.42
533,toguchin,11.0,RU,1562448190.0,87.0,55.24,84.4,60.87,9.73
534,puerto escondido,75.0,MX,1562448192.0,62.0,15.86,-97.07,86.0,9.13
535,port blair,97.0,IN,1562447927.0,82.0,11.67,92.75,83.37,18.68
536,zavallya,0.0,UA,1562448195.0,80.0,48.21,30.02,60.38,5.39
537,mafinga,,,,,,,,
538,kargasok,76.0,RU,1562448196.0,78.0,59.06,80.87,57.39,2.98
539,brae,100.0,GB,1562447999.0,81.0,60.4,-1.35,48.2,9.17
540,kavaratti,100.0,IN,1562448199.0,78.0,10.57,72.64,84.25,20.22
541,gat,19.0,SN,1562448201.0,78.0,14.69,-16.54,78.8,8.05
542,rjukan,49.0,NO,1562448202.0,85.0,59.88,8.59,51.01,7.0
543,luderitz,0.0,NA,1562448204.0,93.0,-26.65,15.16,53.6,17.22
544,ballina,0.0,IE,1562448206.0,72.0,54.11,-9.15,59.0,10.29
545,ponta delgada,40.0,PT,1562448207.0,77.0,37.73,-25.67,68.0,9.17
546,paris,0.0,FR,1562448165.0,35.0,48.86,2.35,75.0,6.93
547,roald,40.0,NO,1562448210.0,81.0,62.58,6.12,53.6,17.22
548,tunxi,,,,,,,,
549,payo,29.0,ID,1562448212.0,96.0,-3.75,103.64,65.38,3.31
550,eureka,1.0,US,1562447978.0,72.0,40.8,-124.16,66.2,19.46
551,aklavik,75.0,CA,1562448215.0,66.0,68.22,-135.01,57.2,18.34
552,yamada,75.0,JP,1562448216.0,94.0,36.58,137.08,73.0,5.82
553,voh,31.0,NC,1562448218.0,84.0,-20.95,164.69,70.05,15.55
554,montepuez,57.0,MZ,1562448219.0,70.0,-13.13,39.0,68.95,3.51
555,coihaique,0.0,CL,1562448221.0,87.0,-45.58,-72.07,48.2,2.37
556,antofagasta,0.0,CL,1562448173.0,72.0,-23.65,-70.4,59.0,13.87
557,jales,0.0,BR,1562448082.0,46.0,-20.27,-50.55,52.6,5.99
558,guadalupe victoria,75.0,MX,1562448225.0,58.0,21.68,-105.33,86.0,3.36
559,yabrud,0.0,SY,1562448227.0,44.0,33.97,36.66,77.0,11.41
560,le mars,40.0,US,1562448184.0,54.0,42.79,-96.17,82.99,9.17
561,boddam,90.0,GB,1562448230.0,87.0,57.47,-1.78,50.0,6.93
562,miri,2.0,NG,1562448231.0,69.0,10.31,9.75,77.86,4.29
563,catuday,100.0,PH,1562448233.0,73.0,16.29,119.81,84.73,14.67
564,anadyr,20.0,RU,1562448234.0,81.0,64.73,177.51,53.01,20.13
565,santa rosalia,0.0,IT,1562448236.0,65.0,38.07,13.27,82.99,3.36
566,zhanaozen,100.0,KZ,1562448237.0,37.0,43.35,52.85,79.3,17.56
567,serenje,0.0,ZM,1562448239.0,60.0,-13.23,30.22,53.7,5.82
568,chara,0.0,GR,1562448240.0,57.0,39.42,22.43,82.99,5.82
569,faya,0.0,SA,1562448242.0,88.0,18.39,42.45,73.4,4.7
570,fredericton,75.0,CA,1562448244.0,94.0,45.97,-66.65,71.6,5.82
571,sioux lookout,90.0,CA,1562448245.0,63.0,50.1,-91.92,64.4,4.7
572,komsomolskiy,0.0,RU,1562448247.0,62.0,67.55,63.78,49.92,17.56
573,festus,40.0,US,1562448248.0,66.0,38.22,-90.4,91.99,11.41
574,algeciras,79.0,ES,1562448250.0,56.0,36.13,-5.45,77.0,21.92
575,weston,75.0,US,1562448251.0,74.0,41.2,-73.38,84.0,3.36
576,west wendover,1.0,US,1562448253.0,16.0,40.74,-114.07,87.8,9.17
577,otjiwarongo,0.0,NA,1562448254.0,14.0,-20.46,16.65,60.8,2.24
578,arkadelphia,20.0,US,1562448256.0,88.0,34.12,-93.05,91.4,8.05
579,boromo,57.0,BF,1562448257.0,44.0,11.74,-2.93,89.07,8.97
580,skjervoy,78.0,NO,1562448053.0,93.0,70.03,20.97,47.62,5.95
581,kazalinsk,,,,,,,,
582,safaqis,,,,,,,,
583,vao,66.0,EE,1562448261.0,95.0,59.1,26.19,50.28,7.36
584,bireun,15.0,ID,1562448263.0,92.0,5.2,96.7,65.78,3.22
585,miyang,98.0,CN,1562448265.0,96.0,24.4,103.44,62.27,3.58
586,svecha,100.0,RU,1562448266.0,95.0,58.28,47.52,53.74,0.98
587,kuzhithurai,75.0,IN,1562448268.0,83.0,8.32,77.18,82.4,4.7
588,beyneu,100.0,KZ,1562448269.0,15.0,45.32,55.19,84.68,15.59
589,cururupu,10.0,BR,1562448271.0,84.0,-1.82,-44.87,78.25,3.76
590,juneau,40.0,US,1562448024.0,56.0,58.3,-134.42,78.8,5.82
591,maceio,0.0,BR,1562448264.0,78.0,-9.67,-35.74,77.0,8.05
592,nioro,100.0,GM,1562448275.0,61.0,13.79,-15.05,84.34,16.31
593,katherine,0.0,AU,1562448276.0,67.0,-14.47,132.26,57.2,8.05
594,cravo norte,53.0,CO,1562448278.0,81.0,6.3,-70.2,79.91,6.8
595,pokhara,98.0,NP,1562448279.0,83.0,28.21,83.99,54.89,2.17
596,madona,0.0,LV,1562448281.0,91.0,56.85,26.22,46.48,4.14
597,praya,20.0,ID,1562448282.0,100.0,-8.71,116.27,66.2,1.12
598,tambovka,78.0,RU,1562448284.0,47.0,47.32,47.38,74.64,9.51
599,odesskoye,40.0,RU,1562448286.0,90.0,54.21,72.97,57.25,17.67
600,palabuhanratu,,,,,,,,
601,hami,67.0,CN,1562448288.0,54.0,42.84,93.51,69.99,4.79
602,upata,36.0,VE,1562448289.0,68.0,8.02,-62.41,87.01,3.0
603,kralendijk,40.0,BQ,1562448291.0,70.0,12.15,-68.27,84.2,21.92
604,at-bashi,1.0,KG,1562448292.0,80.0,41.17,75.81,51.6,4.97
605,xixiang,40.0,CN,1562448294.0,74.0,22.58,113.87,86.0,17.22
606,marsaxlokk,0.0,MT,1562448295.0,83.0,35.84,14.54,79.0,5.82
607,havelock,40.0,US,1562448297.0,62.0,34.88,-76.9,90.0,14.99
608,saint-denis,0.0,FR,1562448298.0,35.0,48.94,2.36,75.0,6.93
609,yumen,100.0,CN,1562448300.0,52.0,40.29,97.04,63.04,8.46
610,ndele,,,,,,,,
611,nevers,48.0,FR,1562448301.0,60.0,46.99,3.16,78.01,18.34
612,sorvag,,,,,,,,
613,biu,0.0,NG,1562448304.0,66.0,10.61,12.19,78.87,3.62
614,nouadhibou,8.0,MR,1562448306.0,77.0,20.93,-17.03,69.8,23.04
615,padang,48.0,ID,1562448307.0,77.0,-0.92,100.36,81.24,4.5
616,winnemucca,1.0,US,1562448308.0,12.0,40.97,-117.74,91.4,8.05
617,guanica,90.0,PR,1562448310.0,78.0,17.97,-66.91,84.99,10.29
618,kifri,0.0,IQ,1562448311.0,16.0,34.69,44.96,90.39,9.62
